{
    "loss": 26.069686889648438,
    "accuracy": 0.10000000149011612
}