{
    "loss": 2.7707979679107666,
    "accuracy": 0.8895833492279053
}